{
  "val_csv": "/home/padmanabhan.h/projects/text2img/data/manifests/coco_train1k.csv",
  "n_samples": 200,
  "metrics": {
    "clip_vit_b32": {
      "A": {
        "mean": 0.31104321643710137,
        "std": 0.028405381513876757
      },
      "B": {
        "mean": 0.3028283914923668,
        "std": 0.030023714279499288
      },
      "C": {
        "mean": 0.3075824216008186,
        "std": 0.03234439514559084
      }
    },
    "clip_vit_l14": {
      "A": {
        "mean": 0.26464556738734246,
        "std": 0.03093327014739774
      },
      "B": {
        "mean": 0.2565430984646082,
        "std": 0.03270694018482525
      },
      "C": {
        "mean": 0.26113719277083874,
        "std": 0.03481792146589582
      }
    }
  }
}